URL,Text,Sentiment Score,caring,desire,disapproval,realization,approval,remorse,curiosity,excitement,annoyance,surprise,relief,pride,embarrassment,grief,confusion,anger,fear,disgust,disappointment,neutral,nervousness,admiration,amusement,joy,sadness,gratitude,optimism,love
https://www.foxnews.com/politics/do-you-qualify-for-a-stimulus-check-in-senates-coronavirus-response-bill,"
            Games
          
        This material may not be published, broadcast, rewritten, or redistributed. ©2025 FOX News Network, LLC. All rights reserved. Quotes displayed in real-time or delayed by at least 15 minutes. Market data provided by Factset. Powered and implemented by FactSet Digital Solutions. Legal Statement. Mutual Fund and ETF data provided by Refinitiv Lipper.
       One of the key pieces of the coronavirus response bill is the check Americans will be receiving directly ",1.0,0.12718136608600616,0.07281593233346939,0.07005912065505981,0.0654294565320015,0.057427190244197845,0.05625669285655022,0.04769766330718994,0.04069481045007706,0.03832249715924263,0.0315338671207428,0.03034515306353569,0.030002741143107414,0.029524188488721848,0.028022881597280502,0.02564510703086853,0.025325564667582512,0.02225581929087639,0.021924519911408424,0.021194174885749817,0.02109343372285366,0.021070925518870354,0.02058069035410881,0.017877863720059395,0.016845377162098885,0.015906313434243202,0.01566358283162117,0.015053649432957172,0.014249427244067192
https://www.foxnews.com/politics/squad-stimulus-checks-bill-trump-funding-bill-on-hold,"
            Games
          
        This material may not be published, broadcast, rewritten, or redistributed. ©2025 FOX News Network, LLC. All rights reserved. Quotes displayed in real-time or delayed by at least 15 minutes. Market data provided by Factset. Powered and implemented by FactSet Digital Solutions. Legal Statement. Mutual Fund and ETF data provided by Refinitiv Lipper.
       Correspondent Jonathan Serrie has more from Atlanta on 'Special Report'  Members of the progressive ""Squa",1.0,0.11242018640041351,0.08265811204910278,0.055679041892290115,0.06637419015169144,0.053920816630125046,0.06343217939138412,0.06059836223721504,0.04968595132231712,0.03162835165858269,0.03309042006731033,0.02943691611289978,0.03469260409474373,0.020808342844247818,0.030208412557840347,0.028588958084583282,0.025907516479492188,0.017955299466848373,0.017596516758203506,0.016078656539320946,0.024842990562319756,0.01711145229637623,0.02349129505455494,0.02725265547633171,0.017067890614271164,0.014791973866522312,0.01810332201421261,0.0136950071901083,0.01288257259875536
https://www.foxnews.com/politics/bidens-covid-bill-heads-back-to-the-house-whats-in-it-and-whats-out,"
            Games
          
        This material may not be published, broadcast, rewritten, or redistributed. ©2025 FOX News Network, LLC. All rights reserved. Quotes displayed in real-time or delayed by at least 15 minutes. Market data provided by Factset. Powered and implemented by FactSet Digital Solutions. Legal Statement. Mutual Fund and ETF data provided by Refinitiv Lipper.
       Ben Domenech, Leo Terrell, Carley Shimkus and Rachel Campos-Duffy weigh in 'The Big Sunday Show' Senate D",1.0,0.09168441593647003,0.08354929089546204,0.04650326073169708,0.06469936668872833,0.04908137768507004,0.06433653086423874,0.07034064829349518,0.05725253373384476,0.034125763922929764,0.03480123355984688,0.02640536241233349,0.03515126556158066,0.023283274844288826,0.02655215561389923,0.029619090259075165,0.030043942853808403,0.01725197769701481,0.016935694962739944,0.018669942393898964,0.028161391615867615,0.020062508061528206,0.022209394723176956,0.0359591580927372,0.01713559776544571,0.014041749760508537,0.0164411049336195,0.013821701519191265,0.011880158446729183
https://www.foxnews.com/politics/coronavirus-stimulus-prisoners,"
            Games
          
        This material may not be published, broadcast, rewritten, or redistributed. ©2025 FOX News Network, LLC. All rights reserved. Quotes displayed in real-time or delayed by at least 15 minutes. Market data provided by Factset. Powered and implemented by FactSet Digital Solutions. Legal Statement. Mutual Fund and ETF data provided by Refinitiv Lipper.
       Former Kansas Secretary of State Kris Kobach joins 'The Ingraham Angle' to discuss the American Rescue Pl",-1.0,0.11814001202583313,0.08538508415222168,0.055552396923303604,0.062235310673713684,0.049378879368305206,0.06666445732116699,0.0626838207244873,0.052118122577667236,0.03354974091053009,0.03366749361157417,0.02756432816386223,0.030361859127879143,0.02413584105670452,0.028382889926433563,0.027270978316664696,0.027538012713193893,0.018645070493221283,0.01836599037051201,0.015967901796102524,0.02197626605629921,0.018846487626433372,0.021583864465355873,0.025617485865950584,0.017022473737597466,0.014687912538647652,0.01550802681595087,0.013642176054418087,0.013507116585969925
https://www.foxnews.com/politics/trump-doubles-down-on-last-minute-demand-for-2000-covid-checks,"
            Games
          
        This material may not be published, broadcast, rewritten, or redistributed. ©2025 FOX News Network, LLC. All rights reserved. Quotes displayed in real-time or delayed by at least 15 minutes. Market data provided by Factset. Powered and implemented by FactSet Digital Solutions. Legal Statement. Mutual Fund and ETF data provided by Refinitiv Lipper.
       Sen. Pat Toomey, R-Penna., on status of coronavirus relief bill. President Trump doubled down on his dema",1.0,0.09930906444787979,0.08580568432807922,0.05699435621500015,0.06090513989329338,0.05228349193930626,0.06367498636245728,0.0552133247256279,0.050760529935359955,0.039914488792419434,0.03447294980287552,0.02873401530086994,0.03188900277018547,0.024495307356119156,0.030820811167359352,0.028692394495010376,0.027919238433241844,0.01930313929915428,0.01895931363105774,0.021867433562874794,0.022126710042357445,0.021046319976449013,0.021806487813591957,0.02558322250843048,0.017350178211927414,0.015067576430737972,0.018223633989691734,0.013764468021690845,0.013016712851822376
https://www.foxnews.com/us/drug-overdoses-stimulus-checks,"
            Games
          
        This material may not be published, broadcast, rewritten, or redistributed. ©2025 FOX News Network, LLC. All rights reserved. Quotes displayed in real-time or delayed by at least 15 minutes. Market data provided by Factset. Powered and implemented by FactSet Digital Solutions. Legal Statement. Mutual Fund and ETF data provided by Refinitiv Lipper.
       Lucie Mitchell, mom of two teenagers, and Tom Kersting, psychotherapist and dad of two, discuss how the p",-0.9998,0.12361644208431244,0.06629393994808197,0.04736139252781868,0.06382767856121063,0.06325828284025192,0.05635199323296547,0.05373343080282211,0.041987646371126175,0.03043762594461441,0.03353164717555046,0.030414745211601257,0.03202652931213379,0.02382431924343109,0.03406033664941788,0.02563207969069481,0.02551080472767353,0.02393762394785881,0.018688173964619637,0.01970573142170906,0.026907797902822495,0.016846410930156708,0.022588074207305908,0.026484061032533646,0.019714653491973877,0.02321598120033741,0.017973745241761208,0.013451801612973213,0.018617112189531326
https://www.foxnews.com/politics/coronavirus-stimulus-checks-on-their-way-heres-how-it-works,"
            Games
          
        This material may not be published, broadcast, rewritten, or redistributed. ©2025 FOX News Network, LLC. All rights reserved. Quotes displayed in real-time or delayed by at least 15 minutes. Market data provided by Factset. Powered and implemented by FactSet Digital Solutions. Legal Statement. Mutual Fund and ETF data provided by Refinitiv Lipper.
       Americans will soon receive a much-needed handout of up to $1,200 per person from the coronavirus stimulu",1.0,0.10819001495838165,0.08300815522670746,0.06528917700052261,0.06093546748161316,0.05986594781279564,0.0625930204987526,0.04920751228928566,0.04706127196550369,0.03611624240875244,0.03563092648983002,0.029923327267169952,0.031097684055566788,0.02594953030347824,0.030107706785202026,0.02582959085702896,0.024490782991051674,0.019534766674041748,0.02045779675245285,0.020581986755132675,0.02058352902531624,0.020489191636443138,0.021076394245028496,0.022814225405454636,0.016875451430678368,0.01604766584932804,0.016927864402532578,0.016383713111281395,0.012931075878441334
https://www.foxnews.com/politics/house-vote-2000-stimulus-checks-trump-signs-relief-spending-package,"
            Games
          
        This material may not be published, broadcast, rewritten, or redistributed. ©2025 FOX News Network, LLC. All rights reserved. Quotes displayed in real-time or delayed by at least 15 minutes. Market data provided by Factset. Powered and implemented by FactSet Digital Solutions. Legal Statement. Mutual Fund and ETF data provided by Refinitiv Lipper.
       Democratic strategist Robert Patillo and political analyst Ron Meyer weigh in on Trump's involvement with",1.0,0.0977340117096901,0.07507237792015076,0.06417160481214523,0.06428361684083939,0.054599370807409286,0.057494960725307465,0.06712798774242401,0.046763114631175995,0.03805411234498024,0.03286534175276756,0.026005897670984268,0.0336449109017849,0.02504231594502926,0.03065059892833233,0.033189557492733,0.027547867968678474,0.0205235593020916,0.020166127011179924,0.02374093048274517,0.02529681846499443,0.017383452504873276,0.023334579542279243,0.02242026850581169,0.01621495932340622,0.016335414722561836,0.01448966097086668,0.013980799354612827,0.01186579093337059
https://www.foxnews.com/politics/rep-burgess-on-coronavirus-stimulus-checks-more-money-should-go-to-americans,"
            Games
          
        This material may not be published, broadcast, rewritten, or redistributed. ©2025 FOX News Network, LLC. All rights reserved. Quotes displayed in real-time or delayed by at least 15 minutes. Market data provided by Factset. Powered and implemented by FactSet Digital Solutions. Legal Statement. Mutual Fund and ETF data provided by Refinitiv Lipper.
       Rep. Michael Burgess, R-Texas, says if members of Congress ‘legitimately did our job at the budgetary lev",1.0,0.10878084599971771,0.08112716674804688,0.060123905539512634,0.06511000543832779,0.056848734617233276,0.06456739455461502,0.05483091622591019,0.042443759739398956,0.033909983932971954,0.0347425639629364,0.030911555513739586,0.035907644778490067,0.02496938593685627,0.02940932661294937,0.03140106424689293,0.02498961053788662,0.017583129927515984,0.018072593957185745,0.02131234109401703,0.025772858411073685,0.015936018899083138,0.022882385179400444,0.025610361248254776,0.017140470445156097,0.013792463578283787,0.015521868132054806,0.013299070298671722,0.013002623803913593
https://www.foxnews.com/politics/spot-counterfeit-stimulus-coronavirus,"
            Games
          
        This material may not be published, broadcast, rewritten, or redistributed. ©2025 FOX News Network, LLC. All rights reserved. Quotes displayed in real-time or delayed by at least 15 minutes. Market data provided by Factset. Powered and implemented by FactSet Digital Solutions. Legal Statement. Mutual Fund and ETF data provided by Refinitiv Lipper.
       Economics experts Dagen McDowell, Mitch Roschelle, and Gene Marks answer questions. Get all the latest ne",1.0,0.12874238193035126,0.07857922464609146,0.0571245513856411,0.06632339209318161,0.05654450133442879,0.0599374882876873,0.06997786462306976,0.0455346442759037,0.029146896675229073,0.0342288501560688,0.033418260514736176,0.03472573682665825,0.01924441009759903,0.02802964113652706,0.029953645542263985,0.0210511926561594,0.01551066618412733,0.01605846732854843,0.014588342048227787,0.025989418849349022,0.01511297281831503,0.02417074143886566,0.022814149037003517,0.018038950860500336,0.011792845092713833,0.014792718924582005,0.014305138029158115,0.014262901619076729
https://www.foxnews.com/politics/marco-rubio-2000-stimulus-check,"
            Games
          
        This material may not be published, broadcast, rewritten, or redistributed. ©2025 FOX News Network, LLC. All rights reserved. Quotes displayed in real-time or delayed by at least 15 minutes. Market data provided by Factset. Powered and implemented by FactSet Digital Solutions. Legal Statement. Mutual Fund and ETF data provided by Refinitiv Lipper.
        Republican Florida Sen. Marco Rubio on Monday voiced support for $2,000 stimulus checks, diverging from ",1.0,0.1027163565158844,0.10200656950473785,0.05594821274280548,0.058709051460027695,0.06619181483983994,0.06318388879299164,0.05987844988703728,0.04624154046177864,0.028693383559584618,0.03900865092873573,0.02748693898320198,0.028377095237374306,0.019022313877940178,0.027942998334765434,0.04474157467484474,0.02489020675420761,0.017160706222057343,0.01568569988012314,0.020988481119275093,0.023699846118688583,0.01563001610338688,0.024100152775645256,0.018101314082741737,0.01519666239619255,0.012067295610904694,0.016147779300808907,0.014956054277718067,0.011226954869925976
https://www.foxnews.com/politics/cotton-covid-relief-bill-convicted-murderers-stimulus-checks,"
            Games
          
        This material may not be published, broadcast, rewritten, or redistributed. ©2025 FOX News Network, LLC. All rights reserved. Quotes displayed in real-time or delayed by at least 15 minutes. Market data provided by Factset. Powered and implemented by FactSet Digital Solutions. Legal Statement. Mutual Fund and ETF data provided by Refinitiv Lipper.
       Sen. Tom Cotton R-Ark., dissects the coronavirus stimulus bill and how it is hurting American families wh",-1.0,0.09575355052947998,0.08308718353509903,0.05574658885598183,0.05774373933672905,0.05471421405673027,0.0590042881667614,0.05807952210307121,0.04378663748502731,0.03948033228516579,0.03270980343222618,0.027213746681809425,0.029765916988253593,0.030975602567195892,0.036052145063877106,0.029202112928032875,0.031738776713609695,0.02268974669277668,0.022714216262102127,0.0260624922811985,0.020114261656999588,0.01924210786819458,0.01972346380352974,0.02086060680449009,0.015511133708059788,0.023180952295660973,0.018678724765777588,0.012029122561216354,0.01413897518068552
https://www.foxnews.com/politics/americans-covid-stimulus-checks-biden-central-america-aid,"
            Games
          
        This material may not be published, broadcast, rewritten, or redistributed. ©2025 FOX News Network, LLC. All rights reserved. Quotes displayed in real-time or delayed by at least 15 minutes. Market data provided by Factset. Powered and implemented by FactSet Digital Solutions. Legal Statement. Mutual Fund and ETF data provided by Refinitiv Lipper.
       Fox News Flash top headlines are here. Check out what's clicking on Foxnews.com. Americans still waiting ",1.0,0.09727148711681366,0.06948130577802658,0.055106986314058304,0.06226643919944763,0.048298344016075134,0.05635419487953186,0.07461795955896378,0.05293790251016617,0.042778097093105316,0.03466560319066048,0.02688523754477501,0.032330695539712906,0.027711912989616394,0.03063298389315605,0.038431163877248764,0.029558906331658363,0.019468680024147034,0.02058064565062523,0.01938943937420845,0.01972031220793724,0.01970982551574707,0.020799657329916954,0.026536915451288223,0.016984742134809494,0.015145541168749332,0.014742770232260227,0.013341781683266163,0.014250549487769604
https://www.foxnews.com/politics/house-democrats-new-coronavirus-relief-bill,"
            Games
          
        This material may not be published, broadcast, rewritten, or redistributed. ©2025 FOX News Network, LLC. All rights reserved. Quotes displayed in real-time or delayed by at least 15 minutes. Market data provided by Factset. Powered and implemented by FactSet Digital Solutions. Legal Statement. Mutual Fund and ETF data provided by Refinitiv Lipper.
       Analysis from Axios national political reporter Jonathan Swan. House Democrats have put forth their bigge",1.0,0.1183757558465004,0.0816032886505127,0.05706869438290596,0.07045388966798782,0.054033342748880386,0.06270243972539902,0.06366515159606934,0.04453865438699722,0.029954329133033752,0.03328253701329231,0.030744042247533798,0.036496471613645554,0.02249474637210369,0.029530299827456474,0.025040900334715843,0.025758327916264534,0.019019322469830513,0.01827339082956314,0.016637763008475304,0.023928308859467506,0.017659923061728477,0.02292795479297638,0.023146284744143486,0.01683288998901844,0.013435792177915573,0.016406629234552383,0.0126967066898942,0.013292082585394382
https://www.foxnews.com/politics/biden-trump-covid-stimulus-direct-payments,"
            Games
          
        This material may not be published, broadcast, rewritten, or redistributed. ©2025 FOX News Network, LLC. All rights reserved. Quotes displayed in real-time or delayed by at least 15 minutes. Market data provided by Factset. Powered and implemented by FactSet Digital Solutions. Legal Statement. Mutual Fund and ETF data provided by Refinitiv Lipper.
       Former Deputy Assistant in the Clinton administration Matt Bennett and former Deputy Assistant to Preside",-1.0,0.10680989176034927,0.08498704433441162,0.0563412681221962,0.06252466887235641,0.054388564079999924,0.0648309737443924,0.0591651052236557,0.043754808604717255,0.031798817217350006,0.033889420330524445,0.030826836824417114,0.03532343730330467,0.022145897150039673,0.03180753067135811,0.030805625021457672,0.023363087326288223,0.018682682886719704,0.01798883080482483,0.01946110837161541,0.0242198184132576,0.016989421099424362,0.02497270703315735,0.02606133744120598,0.01782553642988205,0.014779500663280487,0.01784057728946209,0.013276597484946251,0.015138865448534489
https://www.foxnews.com/video/6218435366001,"Trump ‘is absolutely right’ to call for $2,000 coronavirus stimulus checks: Rep. BuckLog in to comment on videos and join in on the fun. Watch the live stream of Fox News and full episodes. Reduce eye strain and focus on the content that matters. 
            Rep. Ken Buck, R-Colo., argues increasing the stimulus check amount from $600 to $2,000 is ‘the right move.’
            ©2025 FOX News Network, LLC. All rights reserved. This material may not be published, broadcast, rewritten, or redistri",0.2263,0.15329919755458832,0.07610292732715607,0.02953576110303402,0.049008965492248535,0.05314362049102783,0.04649617522954941,0.0527084618806839,0.10237892717123032,0.014428509399294853,0.028489980846643448,0.03328486904501915,0.03619256243109703,0.009198537096381187,0.011936026625335217,0.017920132726430893,0.016236277297139168,0.011851169168949127,0.007623441983014345,0.004369634203612804,0.03079262189567089,0.015904532745480537,0.024170324206352234,0.05471818149089813,0.047774288803339005,0.005400728899985552,0.018182124942541122,0.03186554089188576,0.016986507922410965
https://www.foxnews.com/politics/trumps-call-for-2000-stimulus-checks-hailed-by-critics-pelosi-aoc-sanders,"
            Games
          
        This material may not be published, broadcast, rewritten, or redistributed. ©2025 FOX News Network, LLC. All rights reserved. Quotes displayed in real-time or delayed by at least 15 minutes. Market data provided by Factset. Powered and implemented by FactSet Digital Solutions. Legal Statement. Mutual Fund and ETF data provided by Refinitiv Lipper.
       Reaction from Fox News contributors Deroy Murdock, Marc Thiessen and Raymond Arroyo on 'The Story' As if ",1.0,0.05223073065280914,0.05760060250759125,0.12309446185827255,0.051149286329746246,0.026429586112499237,0.05321526527404785,0.0506114661693573,0.030292879790067673,0.09226524084806442,0.034882403910160065,0.013838877901434898,0.021158665418624878,0.03813432529568672,0.03196173161268234,0.037935301661491394,0.06316312402486801,0.021248601377010345,0.02716749720275402,0.059403371065855026,0.014688010327517986,0.0209298487752676,0.012488425709307194,0.012772975489497185,0.00917881727218628,0.01905711367726326,0.008965523913502693,0.008562790229916573,0.007573070470243692
https://www.foxnews.com/politics/dc-mayor-coronavirus-stimulus-payments,"
            Games
          
        This material may not be published, broadcast, rewritten, or redistributed. ©2025 FOX News Network, LLC. All rights reserved. Quotes displayed in real-time or delayed by at least 15 minutes. Market data provided by Factset. Powered and implemented by FactSet Digital Solutions. Legal Statement. Mutual Fund and ETF data provided by Refinitiv Lipper.
       Fox News Flash top headlines are here. Check out what's clicking on Foxnews.com. D.C. Mayor Muriel Bowser",0.9973,0.11780275404453278,0.07047241926193237,0.05178777500987053,0.06511204689741135,0.04917255789041519,0.058917220681905746,0.0753389373421669,0.052733369171619415,0.03081114962697029,0.034529272466897964,0.031184401363134384,0.03580597788095474,0.022727951407432556,0.026661984622478485,0.028304999694228172,0.026683548465371132,0.019394412636756897,0.017450107261538506,0.013254569843411446,0.022495275363326073,0.017892364412546158,0.02185152843594551,0.028943240642547607,0.020581061020493507,0.012379494495689869,0.016814477741718292,0.013848492875695229,0.01704859919846058
https://www.foxnews.com/politics/convicted-murderers-sex-traffickers-covid-stimulus,"
            Games
          
        This material may not be published, broadcast, rewritten, or redistributed. ©2025 FOX News Network, LLC. All rights reserved. Quotes displayed in real-time or delayed by at least 15 minutes. Market data provided by Factset. Powered and implemented by FactSet Digital Solutions. Legal Statement. Mutual Fund and ETF data provided by Refinitiv Lipper.
       Fox News Flash top headlines are here. Check out what's clicking on Foxnews.com. The federal government i",-1.0,0.10902886837720871,0.07230418920516968,0.06371098011732101,0.06507761031389236,0.053578030318021774,0.06017902120947838,0.07417335361242294,0.0493946298956871,0.03839343041181564,0.030717918649315834,0.026008931919932365,0.030256178230047226,0.028718605637550354,0.029970858246088028,0.0335104838013649,0.027088118717074394,0.01879737712442875,0.01997271180152893,0.020406419411301613,0.018541865050792694,0.016621215268969536,0.019245941191911697,0.025654328987002373,0.016376452520489693,0.013873681426048279,0.013444586656987667,0.011693671345710754,0.013260390609502792
https://www.foxnews.com/video/6218440677001,"Survey: Majority of Americans say $600 coronavirus stimulus checks are too smallLog in to comment on videos and join in on the fun. Watch the live stream of Fox News and full episodes. Reduce eye strain and focus on the content that matters. 
            Job Creators Network CEO Alfredo Ortiz argues in favor of $2,000 stimulus checks on ‘FOX & Friends Weekend.’
            ©2025 FOX News Network, LLC. All rights reserved. This material may not be published, broadcast, rewritten, or redistributed",0.7717,0.10889442265033722,0.07392587512731552,0.05609149858355522,0.05896450951695442,0.03848917782306671,0.06077682599425316,0.07330502569675446,0.06872820109128952,0.027017313987016678,0.03283349424600601,0.03778637573122978,0.028177954256534576,0.013022005558013916,0.019504692405462265,0.022987928241491318,0.019155284389853477,0.016377024352550507,0.010477019473910332,0.010436337441205978,0.03267821669578552,0.016884543001651764,0.019470786675810814,0.05966697633266449,0.03069591335952282,0.009284776635468006,0.011422909796237946,0.02926945686340332,0.013675428926944733
https://www.foxnews.com/politics/biden-negotiating-1400-stimulus-checks,"
            Games
          
        This material may not be published, broadcast, rewritten, or redistributed. ©2025 FOX News Network, LLC. All rights reserved. Quotes displayed in real-time or delayed by at least 15 minutes. Market data provided by Factset. Powered and implemented by FactSet Digital Solutions. Legal Statement. Mutual Fund and ETF data provided by Refinitiv Lipper.
       South Dakota GOP Sen. Mike Rounds joins 'Fox &amp; Friends First' after meeting with the president to dis",1.0,0.1300877332687378,0.0839872807264328,0.051102329045534134,0.0693422257900238,0.05714055523276329,0.06235102191567421,0.06014638766646385,0.04559994861483574,0.025650527328252792,0.03149203211069107,0.033196575939655304,0.03784337639808655,0.019059011712670326,0.027981936931610107,0.022752955555915833,0.02223234623670578,0.018099449574947357,0.01564253866672516,0.013075509108603,0.026323765516281128,0.018624549731612206,0.024256618693470955,0.023117007687687874,0.01808783784508705,0.012694701552391052,0.02107713744044304,0.013687633909285069,0.015347066335380077
https://www.foxnews.com/politics/mcconnell-floor-senate-2000-stimulus-checks-ndaa,"
            Games
          
        This material may not be published, broadcast, rewritten, or redistributed. ©2025 FOX News Network, LLC. All rights reserved. Quotes displayed in real-time or delayed by at least 15 minutes. Market data provided by Factset. Powered and implemented by FactSet Digital Solutions. Legal Statement. Mutual Fund and ETF data provided by Refinitiv Lipper.
       Fox News Flash top headlines are here. Check out what's clicking on Foxnews.com. Senate Majority Leader M",-0.9999,0.10769226402044296,0.07646292448043823,0.05681684613227844,0.06626483052968979,0.04689260944724083,0.05880185216665268,0.07917981594800949,0.04982803761959076,0.037622373551130295,0.03493914008140564,0.0292506106197834,0.03350101038813591,0.027585387229919434,0.02728891745209694,0.03150234743952751,0.027636950835585594,0.01821255497634411,0.019771544262766838,0.016525570303201675,0.020444514229893684,0.016287101432681084,0.020503656938672066,0.02719934470951557,0.017842138186097145,0.012345412746071815,0.0134098120033741,0.01171896792948246,0.014473329298198223
https://www.foxnews.com/politics/trumps-name-to-appear-on-coronavirus-stimulus-checks-sent-to-americans-report,"
            Games
          
        This material may not be published, broadcast, rewritten, or redistributed. ©2025 FOX News Network, LLC. All rights reserved. Quotes displayed in real-time or delayed by at least 15 minutes. Market data provided by Factset. Powered and implemented by FactSet Digital Solutions. Legal Statement. Mutual Fund and ETF data provided by Refinitiv Lipper.
       Rep. Brian Mast weighs in on President Trump suspending funding to the World Health Organization over the",-1.0,0.09563363343477249,0.07331860810518265,0.07062243670225143,0.061649344861507416,0.053187306970357895,0.061693716794252396,0.060141853988170624,0.04695853218436241,0.04091988503932953,0.03390603885054588,0.024417780339717865,0.028791896998882294,0.027748875319957733,0.03323564678430557,0.03007853962481022,0.02958189882338047,0.02245952934026718,0.021945729851722717,0.026823654770851135,0.020769353955984116,0.019797421991825104,0.020181220024824142,0.023148667067289352,0.015965737402439117,0.01784399338066578,0.01451228465884924,0.012461584992706776,0.012204849161207676
https://www.foxnews.com/politics/who-wont-be-getting-a-stimulus-check-from-coronavirus-bill,"
            Games
          
        This material may not be published, broadcast, rewritten, or redistributed. ©2025 FOX News Network, LLC. All rights reserved. Quotes displayed in real-time or delayed by at least 15 minutes. Market data provided by Factset. Powered and implemented by FactSet Digital Solutions. Legal Statement. Mutual Fund and ETF data provided by Refinitiv Lipper.
       Economics experts Dagen McDowell, Mitch Roschelle, and Gene Marks answer questions. Get all the latest ne",1.0,0.12874238193035126,0.07857922464609146,0.0571245513856411,0.06632339209318161,0.05654450133442879,0.0599374882876873,0.06997786462306976,0.0455346442759037,0.029146896675229073,0.0342288501560688,0.033418260514736176,0.03472573682665825,0.01924441009759903,0.02802964113652706,0.029953645542263985,0.0210511926561594,0.01551066618412733,0.01605846732854843,0.014588342048227787,0.025989418849349022,0.01511297281831503,0.02417074143886566,0.022814149037003517,0.018038950860500336,0.011792845092713833,0.014792718924582005,0.014305138029158115,0.014262901619076729
https://www.foxnews.com/politics/graham-increased-stimulus-checks-600-enough,"
            Games
          
        This material may not be published, broadcast, rewritten, or redistributed. ©2025 FOX News Network, LLC. All rights reserved. Quotes displayed in real-time or delayed by at least 15 minutes. Market data provided by Factset. Powered and implemented by FactSet Digital Solutions. Legal Statement. Mutual Fund and ETF data provided by Refinitiv Lipper.
       Sen. Lindsey Graham, R-S.C., says he is 'with the president on this,' but acknowledges Senate Majority Le",1.0,0.10458119958639145,0.08342856168746948,0.04809032753109932,0.0602911002933979,0.05361240729689598,0.06500017642974854,0.06163191795349121,0.044076863676309586,0.03259166330099106,0.03477255627512932,0.028261102735996246,0.0369136705994606,0.0250649806112051,0.029422661289572716,0.03878844156861305,0.023983366787433624,0.01851833239197731,0.017544878646731377,0.020455872640013695,0.027918482199311256,0.018899021670222282,0.023844653740525246,0.024061964824795723,0.015859100967645645,0.01676839590072632,0.02083815634250641,0.011910420842468739,0.012869628146290779
https://www.foxnews.com/politics/sens-loeffler-perdue-support-2k-coronavirus-stimulus-checks,"
            Games
          
        This material may not be published, broadcast, rewritten, or redistributed. ©2025 FOX News Network, LLC. All rights reserved. Quotes displayed in real-time or delayed by at least 15 minutes. Market data provided by Factset. Powered and implemented by FactSet Digital Solutions. Legal Statement. Mutual Fund and ETF data provided by Refinitiv Lipper.
       Sen. David Perdue joins 'America's Newsroom' to discuss the enormous significance the Georgia runoff elec",1.0,0.10762553662061691,0.08050491660833359,0.048834338784217834,0.0676267221570015,0.04654289782047272,0.0658118724822998,0.06437527388334274,0.05380036309361458,0.033338483422994614,0.03345591947436333,0.024791566655039787,0.03505412116646767,0.027866670861840248,0.029735002666711807,0.026935722678899765,0.03370169550180435,0.02060968428850174,0.019845593720674515,0.02068585902452469,0.02214498072862625,0.023449791595339775,0.020440729334950447,0.019009243696928024,0.0159530621021986,0.016297999769449234,0.016376962885260582,0.013164283707737923,0.012020745314657688
https://www.foxnews.com/politics/josh-hawley-aoc-agree-coronavirus-relief-must-include-stimulus-checks,"
            Games
          
        This material may not be published, broadcast, rewritten, or redistributed. ©2025 FOX News Network, LLC. All rights reserved. Quotes displayed in real-time or delayed by at least 15 minutes. Market data provided by Factset. Powered and implemented by FactSet Digital Solutions. Legal Statement. Mutual Fund and ETF data provided by Refinitiv Lipper.
       Rep. Anthony Gonzalez, R-Ohio, remains ‘optimistic’ the bill will pass as discussions continue in Congres",1.0,0.09430061280727386,0.07918526232242584,0.04230666905641556,0.04242740571498871,0.049023497849702835,0.05102221295237541,0.04511318728327751,0.05440583825111389,0.034920141100883484,0.03442678228020668,0.032751698046922684,0.031321436166763306,0.022953059524297714,0.023025864735245705,0.04051540419459343,0.022762496024370193,0.017759554088115692,0.01922471635043621,0.019376114010810852,0.03100048005580902,0.03248646855354309,0.0219412874430418,0.01986403577029705,0.01950160600244999,0.016125638037919998,0.016118334606289864,0.07398436218500137,0.012155835516750813
https://www.foxnews.com/us/a-second-stimulus-check-parents-in-this-state-could-receive-more-cash,"
            Games
          
        This material may not be published, broadcast, rewritten, or redistributed. ©2025 FOX News Network, LLC. All rights reserved. Quotes displayed in real-time or delayed by at least 15 minutes. Market data provided by Factset. Powered and implemented by FactSet Digital Solutions. Legal Statement. Mutual Fund and ETF data provided by Refinitiv Lipper.
       Fox News Flash top headlines are here. Check out what's clicking on Foxnews.com. The possibility of a fre",1.0,0.1208750531077385,0.07341122627258301,0.05678408592939377,0.06166829541325569,0.047033172100782394,0.05864184722304344,0.078764908015728,0.06411479413509369,0.03003455139696598,0.03774304315447807,0.03370211273431778,0.033536121249198914,0.01955004781484604,0.024083944037556648,0.026743538677692413,0.023818526417016983,0.017316387966275215,0.016578057780861855,0.011845947243273258,0.02256828360259533,0.017941715195775032,0.01938129961490631,0.02773626521229744,0.021092889830470085,0.010448730550706387,0.012258749455213547,0.018003961071372032,0.014322508126497269
https://www.foxnews.com/politics/stimulus-checks-approved-to-ease-impact-of-coronavirus-restrictions-heres-how-to-access-them,"
            Games
          
        This material may not be published, broadcast, rewritten, or redistributed. ©2025 FOX News Network, LLC. All rights reserved. Quotes displayed in real-time or delayed by at least 15 minutes. Market data provided by Factset. Powered and implemented by FactSet Digital Solutions. Legal Statement. Mutual Fund and ETF data provided by Refinitiv Lipper.
       Americans will soon receive a much-needed handout of up to $1,200 per person from the coronavirus stimulu",1.0,0.10819001495838165,0.08300815522670746,0.06528917700052261,0.06093546748161316,0.05986594781279564,0.0625930204987526,0.04920751228928566,0.04706127196550369,0.03611624240875244,0.03563092648983002,0.029923327267169952,0.031097684055566788,0.02594953030347824,0.030107706785202026,0.02582959085702896,0.024490782991051674,0.019534766674041748,0.02045779675245285,0.020581986755132675,0.02058352902531624,0.020489191636443138,0.021076394245028496,0.022814225405454636,0.016875451430678368,0.01604766584932804,0.016927864402532578,0.016383713111281395,0.012931075878441334
https://www.foxnews.com/politics/white-house-coronavirus-relief-stimulus-check-congress,"
            Games
          
        This material may not be published, broadcast, rewritten, or redistributed. ©2025 FOX News Network, LLC. All rights reserved. Quotes displayed in real-time or delayed by at least 15 minutes. Market data provided by Factset. Powered and implemented by FactSet Digital Solutions. Legal Statement. Mutual Fund and ETF data provided by Refinitiv Lipper.
        The White House on Thursday said it is ""critical"" that Congress act ""quickly"" on President Biden's propo",0.9997,0.0877431258559227,0.07517606765031815,0.07511397451162338,0.06009022518992424,0.04448700323700905,0.056585170328617096,0.052120640873909,0.041382189840078354,0.05638014152646065,0.02908361703157425,0.020255237817764282,0.027076222002506256,0.036048565059900284,0.032552797347307205,0.03139081597328186,0.034712232649326324,0.025939252227544785,0.023330392315983772,0.038454569876194,0.019824616611003876,0.023476846516132355,0.01806303858757019,0.017089292407035828,0.013202576898038387,0.02229931950569153,0.013253994286060333,0.012884555384516716,0.011983566917479038
https://www.foxnews.com/politics/mcconnell-no-realistic-path-2k-stimulus-checks-accuses-dems-of-trying-to-pull-a-fast-one,"
            Games
          
        This material may not be published, broadcast, rewritten, or redistributed. ©2025 FOX News Network, LLC. All rights reserved. Quotes displayed in real-time or delayed by at least 15 minutes. Market data provided by Factset. Powered and implemented by FactSet Digital Solutions. Legal Statement. Mutual Fund and ETF data provided by Refinitiv Lipper.
       Third Way co-founder Matt Bennett and former State Department senior adviser Matt Mowers react on ‘Americ",1.0,0.10672438889741898,0.06978922337293625,0.05628609657287598,0.06382375955581665,0.05000697821378708,0.06039375066757202,0.057826101779937744,0.04762338474392891,0.04291580617427826,0.033496733754873276,0.02573183923959732,0.03286237642168999,0.025874672457575798,0.033442746847867966,0.03124748170375824,0.030944351106882095,0.02142064832150936,0.020315593108534813,0.02194477617740631,0.02236216701567173,0.0216226726770401,0.021499933674931526,0.023795491084456444,0.017193526029586792,0.01694422774016857,0.017070621252059937,0.012240410782396793,0.014600235968828201
https://www.foxnews.com/us/dead-people-are-getting-stimulus-checks-and-their-relatives-have-no-idea-what-to-do-reports,"
            Games
          
        This material may not be published, broadcast, rewritten, or redistributed. ©2025 FOX News Network, LLC. All rights reserved. Quotes displayed in real-time or delayed by at least 15 minutes. Market data provided by Factset. Powered and implemented by FactSet Digital Solutions. Legal Statement. Mutual Fund and ETF data provided by Refinitiv Lipper.
       Fox News Flash top headlines are here. Check out what's clicking on Foxnews.com. Get all the latest news ",-1.0,0.12126963585615158,0.06968843936920166,0.061156291514635086,0.06647226959466934,0.04983972758054733,0.0568704791367054,0.07778898626565933,0.05180450901389122,0.0338798388838768,0.03206935152411461,0.030683256685733795,0.034130875021219254,0.02355141192674637,0.026649996638298035,0.03045055642724037,0.025586862117052078,0.01745971292257309,0.018512681126594543,0.014184530824422836,0.021765217185020447,0.015576260164380074,0.02167367748916149,0.02647407539188862,0.019081411883234978,0.011298867873847485,0.013798702508211136,0.012946197763085365,0.015336178243160248
https://www.foxnews.com/politics/warnock-loeffler-delay-another-round-covid-19-stimulus-checks,"
            Games
          
        This material may not be published, broadcast, rewritten, or redistributed. ©2025 FOX News Network, LLC. All rights reserved. Quotes displayed in real-time or delayed by at least 15 minutes. Market data provided by Factset. Powered and implemented by FactSet Digital Solutions. Legal Statement. Mutual Fund and ETF data provided by Refinitiv Lipper.
       Georgia Republican joins the 'The Story' to discuss her Senate runoff election campaign Democratic Georgi",1.0,0.11789847910404205,0.08817624300718307,0.051304224878549576,0.06661435216665268,0.05019495636224747,0.06565459072589874,0.06306806951761246,0.046446122229099274,0.03165194019675255,0.03162079304456711,0.030055830255150795,0.035101573914289474,0.022136444225907326,0.028896544128656387,0.025348102673888206,0.02621339075267315,0.017939750105142593,0.01722053624689579,0.016001395881175995,0.02435910329222679,0.01822684332728386,0.022098012268543243,0.028283029794692993,0.018162302672863007,0.013013067655265331,0.016819611191749573,0.012935759499669075,0.014558975584805012
https://www.foxnews.com/politics/senate-coronavirus-stimulus-package-whats-in-it,"
            Games
          
        This material may not be published, broadcast, rewritten, or redistributed. ©2025 FOX News Network, LLC. All rights reserved. Quotes displayed in real-time or delayed by at least 15 minutes. Market data provided by Factset. Powered and implemented by FactSet Digital Solutions. Legal Statement. Mutual Fund and ETF data provided by Refinitiv Lipper.
       Here are the main takeaways of what is in the $2 trillion stimulus package the Senate is working on to ea",1.0,0.12042726576328278,0.07823634892702103,0.06314551830291748,0.0645100399851799,0.06291663646697998,0.053904030472040176,0.058143723756074905,0.03953384980559349,0.04106134921312332,0.030216634273529053,0.04005279764533043,0.028535185381770134,0.027337875217199326,0.026216305792331696,0.030781669542193413,0.02130802907049656,0.015976514667272568,0.0181199349462986,0.02632036991417408,0.024910930544137955,0.017369214445352554,0.022812725976109505,0.01659645512700081,0.014505695551633835,0.015240098349750042,0.015217151492834091,0.014669406227767467,0.011934245005249977
https://www.foxnews.com/us/coronavirus-scams-costco-stimulus-check-fbi-warning,"
            Games
          
        This material may not be published, broadcast, rewritten, or redistributed. ©2025 FOX News Network, LLC. All rights reserved. Quotes displayed in real-time or delayed by at least 15 minutes. Market data provided by Factset. Powered and implemented by FactSet Digital Solutions. Legal Statement. Mutual Fund and ETF data provided by Refinitiv Lipper.
       Dr. Deborah Birx says the U.S.'s mortality demographics are identical to Italy's with regard to older peo",-1.0,0.10668446123600006,0.07815675437450409,0.05970217287540436,0.07081428915262222,0.06292515993118286,0.05994280427694321,0.05654723197221756,0.03709789365530014,0.0329405851662159,0.035104479640722275,0.030079102143645287,0.0302357766777277,0.02138429693877697,0.03299728035926819,0.032679423689842224,0.022209184244275093,0.02081725187599659,0.017778797075152397,0.0204002745449543,0.030394045636057854,0.014997242018580437,0.023352965712547302,0.02163170464336872,0.01621890999376774,0.020745109766721725,0.016501789912581444,0.013623841106891632,0.014037081971764565
https://www.foxnews.com/politics/treasury-reverses-social-security-recipients-can-automatically-get-stimulus-check-without-filing-return,"
            Games
          
        This material may not be published, broadcast, rewritten, or redistributed. ©2025 FOX News Network, LLC. All rights reserved. Quotes displayed in real-time or delayed by at least 15 minutes. Market data provided by Factset. Powered and implemented by FactSet Digital Solutions. Legal Statement. Mutual Fund and ETF data provided by Refinitiv Lipper.
       The IRS moves the federal filing deadline for 2019 taxes from April 15 to July 15; insight from Julio Gon",1.0,0.13393409550189972,0.08109147101640701,0.06870495527982712,0.07951978594064713,0.05858948454260826,0.06126486510038376,0.06242887303233147,0.03970281034708023,0.026485556736588478,0.03427844122052193,0.03322950378060341,0.03213771805167198,0.02009023353457451,0.02779283933341503,0.021308567374944687,0.022839589044451714,0.017486682161688805,0.017611626535654068,0.01501692458987236,0.02155902422964573,0.015919528901576996,0.022777575999498367,0.018758319318294525,0.014822208322584629,0.012270086444914341,0.015110161155462265,0.012346350587904453,0.012922764755785465
https://www.foxnews.com/politics/aoc-offers-advice-for-young-people-to-fix-stimulus-check-exclusion,"
            Games
          
        This material may not be published, broadcast, rewritten, or redistributed. ©2025 FOX News Network, LLC. All rights reserved. Quotes displayed in real-time or delayed by at least 15 minutes. Market data provided by Factset. Powered and implemented by FactSet Digital Solutions. Legal Statement. Mutual Fund and ETF data provided by Refinitiv Lipper.
       Fox News Flash top headlines are here. Check out what's clicking on Foxnews.com. Rep. Alexandria Ocasio-C",1.0,0.10182444006204605,0.06647518277168274,0.053887512534856796,0.060379259288311005,0.042507242411375046,0.057119183242321014,0.07492130249738693,0.06334593892097473,0.040198300033807755,0.03136444464325905,0.026020796969532967,0.030172232538461685,0.02699696272611618,0.030910873785614967,0.025870127603411674,0.04069787636399269,0.02257269062101841,0.020677994936704636,0.0165436789393425,0.01981675997376442,0.026054037734866142,0.020038815215229988,0.02612319588661194,0.01859085075557232,0.013898361474275589,0.014796324074268341,0.011747090145945549,0.01644851639866829
https://www.foxnews.com/us/nursing-homes-swindling-residents-coronavirus-stimulus-checks-fec,"
            Games
          
        This material may not be published, broadcast, rewritten, or redistributed. ©2025 FOX News Network, LLC. All rights reserved. Quotes displayed in real-time or delayed by at least 15 minutes. Market data provided by Factset. Powered and implemented by FactSet Digital Solutions. Legal Statement. Mutual Fund and ETF data provided by Refinitiv Lipper.
       Senate Republicans shift their focus to reopening the economy; Chad Pergram reports from Capitol Hill wit",1.0,0.09860266745090485,0.09289703518152237,0.06217532604932785,0.06639164686203003,0.05511968955397606,0.06644017994403839,0.05675389617681503,0.04291301593184471,0.037878863513469696,0.03210879862308502,0.029911523684859276,0.03044901043176651,0.02307077869772911,0.03198147192597389,0.031088927760720253,0.02595921792089939,0.018649332225322723,0.01835569553077221,0.02330714277923107,0.023535093292593956,0.01914285495877266,0.02152515947818756,0.021179858595132828,0.01511178258806467,0.014925079420208931,0.014840702526271343,0.012493996880948544,0.013191147707402706
https://www.foxnews.com/video/6147366480001,"What you need to know about the COVID-19 stimulus paymentsLog in to comment on videos and join in on the fun. Watch the live stream of Fox News and full episodes. Reduce eye strain and focus on the content that matters. 
            Rachel Bovard, policy director for the Conservative Partnership Institute, explains.
            ©2025 FOX News Network, LLC. All rights reserved. This material may not be published, broadcast, rewritten, or redistributed. All market data delayed 20 minutes.Live Now",0.5423,0.17237798869609833,0.06209433078765869,0.029300004243850708,0.06014200672507286,0.0428982637822628,0.05043583735823631,0.07772635668516159,0.07642344385385513,0.01906498521566391,0.027102654799818993,0.04478607699275017,0.0297628752887249,0.012136920355260372,0.01504812203347683,0.019090017303824425,0.012821223586797714,0.013084311969578266,0.008529785089194775,0.005103152710944414,0.027647661045193672,0.020155681297183037,0.01928645558655262,0.04757872223854065,0.043274711817502975,0.007277590688318014,0.015107457526028156,0.025726446881890297,0.016016921028494835
https://www.foxnews.com/politics/mcconnell-shuts-door-on-boosted-stimulus-checks,"
            Games
          
        This material may not be published, broadcast, rewritten, or redistributed. ©2025 FOX News Network, LLC. All rights reserved. Quotes displayed in real-time or delayed by at least 15 minutes. Market data provided by Factset. Powered and implemented by FactSet Digital Solutions. Legal Statement. Mutual Fund and ETF data provided by Refinitiv Lipper.
       Will the Senate's refusal to pass $2,000 checks hurt Republicans in the upcoming Georgia runoffs? Reactio",1.0,0.07647495716810226,0.07872802019119263,0.05919742211699486,0.038355208933353424,0.026873193681240082,0.05320138856768608,0.140064537525177,0.03797077760100365,0.04546822980046272,0.03703521564602852,0.01256093755364418,0.022375447675585747,0.02419111505150795,0.0321839265525341,0.07079935073852539,0.043095242232084274,0.032355085015296936,0.01699661836028099,0.022857023403048515,0.013710436411201954,0.03483417630195618,0.013433185406029224,0.010478629730641842,0.00890673603862524,0.019620155915617943,0.009632830508053303,0.00984521210193634,0.00875504594296217
https://www.foxnews.com/politics/pelosi-presses-mccarthy-bigger-stimulus-checks-trump-intervention,"
            Games
          
        This material may not be published, broadcast, rewritten, or redistributed. ©2025 FOX News Network, LLC. All rights reserved. Quotes displayed in real-time or delayed by at least 15 minutes. Market data provided by Factset. Powered and implemented by FactSet Digital Solutions. Legal Statement. Mutual Fund and ETF data provided by Refinitiv Lipper.
       President Trump demands increase in payments to Americans; reaction from Fox News contributor Brian Brenb",1.0,0.07087098062038422,0.07930325716733932,0.08987652510404587,0.056706979870796204,0.034546077251434326,0.05077505484223366,0.052805036306381226,0.039710063487291336,0.07909555733203888,0.03630897402763367,0.015582439489662647,0.02482464350759983,0.029248343780636787,0.03180045261979103,0.03484981879591942,0.06460250914096832,0.022087961435317993,0.02425295300781727,0.035193659365177155,0.0161172766238451,0.026696668937802315,0.014448197558522224,0.012979157269001007,0.01142057403922081,0.016610223799943924,0.011904161423444748,0.008537922985851765,0.008844589814543724
https://www.foxnews.com/politics/mnuchin-white-house-backs-more-stimulus-payments,"
            Games
          
        This material may not be published, broadcast, rewritten, or redistributed. ©2025 FOX News Network, LLC. All rights reserved. Quotes displayed in real-time or delayed by at least 15 minutes. Market data provided by Factset. Powered and implemented by FactSet Digital Solutions. Legal Statement. Mutual Fund and ETF data provided by Refinitiv Lipper.
       Charles Payne explains why another stimulus package will allow for a much faster economic snapback Treasu",1.0,0.0966743603348732,0.08496364951133728,0.07295083999633789,0.07442890107631683,0.05980855971574783,0.06305067986249924,0.05929179862141609,0.043123602867126465,0.040137920528650284,0.03522402048110962,0.029312951490283012,0.026822581887245178,0.027370620518922806,0.02743690274655819,0.02789083868265152,0.024022510275244713,0.017295343801379204,0.020170653238892555,0.028823547065258026,0.018897604197263718,0.01725371740758419,0.021621011197566986,0.01812523975968361,0.013688779436051846,0.013769022189080715,0.012537091970443726,0.013677849434316158,0.011629502288997173
https://www.foxnews.com/politics/what-to-do-if-a-coronavirus-stimulus-check-is-sent-to-someone-who-died,"
            Games
          
        This material may not be published, broadcast, rewritten, or redistributed. ©2025 FOX News Network, LLC. All rights reserved. Quotes displayed in real-time or delayed by at least 15 minutes. Market data provided by Factset. Powered and implemented by FactSet Digital Solutions. Legal Statement. Mutual Fund and ETF data provided by Refinitiv Lipper.
       Fox News Flash top headlines are here. Check out what's clicking on Foxnews.com. Get the latest news on c",-0.9999,0.11682436615228653,0.06755564361810684,0.06395993381738663,0.06507591158151627,0.0500158853828907,0.054448723793029785,0.08031602203845978,0.05115571990609169,0.03846684843301773,0.03222442418336868,0.02942894957959652,0.032496146857738495,0.026370393112301826,0.026675641536712646,0.030252479016780853,0.02634500153362751,0.01810680888593197,0.019746284931898117,0.015788301825523376,0.02042977325618267,0.015371290035545826,0.020641975104808807,0.02745664119720459,0.01863883063197136,0.011927432380616665,0.012799286283552647,0.012645755894482136,0.014835474081337452
https://www.foxnews.com/politics/mcconnell-introduces-his-own-bill-on-2000-stimulus-checks-other-trump-priorities,"
            Games
          
        This material may not be published, broadcast, rewritten, or redistributed. ©2025 FOX News Network, LLC. All rights reserved. Quotes displayed in real-time or delayed by at least 15 minutes. Market data provided by Factset. Powered and implemented by FactSet Digital Solutions. Legal Statement. Mutual Fund and ETF data provided by Refinitiv Lipper.
       Fox News Flash top headlines are here. Check out what's clicking on Foxnews.com. Senate Majority Leader M",1.0,0.10769226402044296,0.07646292448043823,0.05681684613227844,0.06626483052968979,0.04689260944724083,0.05880185216665268,0.07917981594800949,0.04982803761959076,0.037622373551130295,0.03493914008140564,0.0292506106197834,0.03350101038813591,0.027585387229919434,0.02728891745209694,0.03150234743952751,0.027636950835585594,0.01821255497634411,0.019771544262766838,0.016525570303201675,0.020444514229893684,0.016287101432681084,0.020503656938672066,0.02719934470951557,0.017842138186097145,0.012345412746071815,0.0134098120033741,0.01171896792948246,0.014473329298198223
https://www.foxnews.com/politics/california-newsom-coronavirus-stimulus-checks-illegal-immigrants,"
            Games
          
        This material may not be published, broadcast, rewritten, or redistributed. ©2025 FOX News Network, LLC. All rights reserved. Quotes displayed in real-time or delayed by at least 15 minutes. Market data provided by Factset. Powered and implemented by FactSet Digital Solutions. Legal Statement. Mutual Fund and ETF data provided by Refinitiv Lipper.
       Fox News Flash top headlines are here. Check out what's clicking on Foxnews.com. Get all the latest news ",1.0,0.12126963585615158,0.06968843936920166,0.061156291514635086,0.06647226959466934,0.04983972758054733,0.0568704791367054,0.07778898626565933,0.05180450901389122,0.0338798388838768,0.03206935152411461,0.030683256685733795,0.034130875021219254,0.02355141192674637,0.026649996638298035,0.03045055642724037,0.025586862117052078,0.01745971292257309,0.018512681126594543,0.014184530824422836,0.021765217185020447,0.015576260164380074,0.02167367748916149,0.02647407539188862,0.019081411883234978,0.011298867873847485,0.013798702508211136,0.012946197763085365,0.015336178243160248
https://www.foxnews.com/politics/meadows-congress-coronavirus-relief-checks,"
            Games
          
        This material may not be published, broadcast, rewritten, or redistributed. ©2025 FOX News Network, LLC. All rights reserved. Quotes displayed in real-time or delayed by at least 15 minutes. Market data provided by Factset. Powered and implemented by FactSet Digital Solutions. Legal Statement. Mutual Fund and ETF data provided by Refinitiv Lipper.
       White House chief of staff Mark Meadows weighs in on the race for a coronavirus vaccine on ‘Fox &amp; Fri",1.0,0.10243884474039078,0.08788524568080902,0.05352669954299927,0.05753779038786888,0.05421217158436775,0.06448439508676529,0.05989794060587883,0.0506974458694458,0.03260909020900726,0.03322390466928482,0.024691374972462654,0.033532679080963135,0.02186804823577404,0.03236554190516472,0.03220795467495918,0.02409428544342518,0.022467875853180885,0.019047828391194344,0.018234113231301308,0.02332233265042305,0.020900003612041473,0.025090105831623077,0.025129761546850204,0.01590089127421379,0.016744177788496017,0.019274072721600533,0.014380740001797676,0.014234735630452633
https://www.foxnews.com/politics/rep-massie-says-checks-to-dead-people-may-be-tip-of-the-iceberg-of-government-waste-in-coronavirus-stimulus,"
            Games
          
        This material may not be published, broadcast, rewritten, or redistributed. ©2025 FOX News Network, LLC. All rights reserved. Quotes displayed in real-time or delayed by at least 15 minutes. Market data provided by Factset. Powered and implemented by FactSet Digital Solutions. Legal Statement. Mutual Fund and ETF data provided by Refinitiv Lipper.
       House leadership was able to block Kentucky Rep. Thomas Massie's plans to force a recorded vote on the ma",-1.0,0.09312577545642853,0.08649518340826035,0.06089987978339195,0.06012297421693802,0.05367189273238182,0.06348856538534164,0.05588148906826973,0.049938131123781204,0.03683507442474365,0.032542791217565536,0.025166381150484085,0.02945592626929283,0.029730765148997307,0.03759775683283806,0.02743886411190033,0.032786447554826736,0.02379421703517437,0.02211941033601761,0.024000052362680435,0.019058363512158394,0.023290427401661873,0.020796403288841248,0.019006535410881042,0.014686163514852524,0.017888043075799942,0.016164014115929604,0.011674207635223866,0.012344333343207836
https://www.foxnews.com/politics/mcconnell-coronavirus-stimulus-plan-payments,"
            Games
          
        This material may not be published, broadcast, rewritten, or redistributed. ©2025 FOX News Network, LLC. All rights reserved. Quotes displayed in real-time or delayed by at least 15 minutes. Market data provided by Factset. Powered and implemented by FactSet Digital Solutions. Legal Statement. Mutual Fund and ETF data provided by Refinitiv Lipper.
       Senate Majority Leader Mitch McConnell provides updates on the coronavirus funding bill. Saying lawmakers",1.0,0.08546219021081924,0.08186077326536179,0.08500450849533081,0.06218712404370308,0.044204503297805786,0.056856587529182434,0.05459855869412422,0.038459595292806625,0.06716754287481308,0.026859762147068977,0.02168392576277256,0.02510013058781624,0.03645901381969452,0.029837263748049736,0.037289686501026154,0.03220132365822792,0.019326698035001755,0.02587529458105564,0.036451928317546844,0.019047778099775314,0.01864926889538765,0.016803134232759476,0.01674485392868519,0.012134706601500511,0.018209440633654594,0.011231465265154839,0.01109345257282257,0.00919953640550375
https://www.foxnews.com/politics/coronavirus-relief-negotiations-hit-new-obstacle-as-talks-stall-state-aid,"
            Games
          
        This material may not be published, broadcast, rewritten, or redistributed. ©2025 FOX News Network, LLC. All rights reserved. Quotes displayed in real-time or delayed by at least 15 minutes. Market data provided by Factset. Powered and implemented by FactSet Digital Solutions. Legal Statement. Mutual Fund and ETF data provided by Refinitiv Lipper.
       The negotiations between the Republicans and Democrats over a new coronavirus economic relief package are",1.0,0.09488388150930405,0.07673203945159912,0.059249505400657654,0.06510873883962631,0.04901060089468956,0.060148801654577255,0.06093263998627663,0.045465193688869476,0.04940301924943924,0.03482317179441452,0.021844398230314255,0.02599838562309742,0.03323173522949219,0.028313003480434418,0.04461812600493431,0.027406983077526093,0.021205564960837364,0.02104334346950054,0.03415500372648239,0.018636157736182213,0.023254631087183952,0.020308321341872215,0.017237596213817596,0.013585718348622322,0.015043546445667744,0.013114911504089832,0.013514718972146511,0.011730296537280083
